W00EGS1016686,I972048BA
W00EGS1016761,I40212F00
W00EGS1016937,IAEFB0FF5
W00EGS1016951,I6A746A6F
W00EGS1016982,IA1EE1961
W00EGS1017219,I3F70642A
W00EGS1017328,I4250C663
W00EGS1017422,IBD638543
W00EGS1017555,I9C5C1099
W00EGS1017717,I56F0BFE9
W00KG01522,I9AD088D1
W00KG02530,I8D7AF633
W00KG03653,IC54E233E
W00KG0547,IC0D1FF4E
W00KG07624,I366C6B99
W00KG08430,I0C33FDC4
W11757,IF24EB7B4
W12164,I806B6DFB
W12486,I7982525B
W15222,I84D49994
W15269,IA1A1A7A8
W16484,I979AE756
W17320,I39175733
W17722,I626D483E
W18124,IE1F9A90F
W18133,I98928F2B
W19479,IB493A3D8
W19680,IB048786F
W19997,I74A7D887
W19999,I0F15120B
W1AC16,I1B38BB41
W1AC17,IAD74D86F
W1AC20,I4E914622
W1AC218,I2913E23B
W1AC223,I8A26A61A
W1AC225,I89900B77
W1AC227,I22161CA7
W1AC229,I8EF8EB2F
W1AC232,ID1433FF1
W1AC233,I24CA0889
W1AC235,I63174977
W1AC237,I79476077
W1AC238,IB5079D85
W1AC240,I566E3A72
W1AC241,I69791C1A
W1AC242,IAAFA5DF0
W1AC256,ID2207A08
W1AC26,IC5149CB7
W1AC278,I9319A144
W1AC28,IBC8E335E
W1AC280,I8D522160
W1AC282,I848FCC54
W1AC289,I8EF8EE3F
W1AC29,I64669631
W1AC291,I51AF7107
W1AC305,I92527524
W1AC308,I26F4EA2B
W1AC309,I3DA1616D
W1AC31,I9B73A322
W1AC321,I34BBC914
W1AC323,I8D915329
W1AC325,I0B74AEE0
W1AC327,I5E4FCCEE
W1AC333,ID379FAC3
W1AC34,ID013D622
W1AC349,I0907DAE4
W1AC35,I112D198F
W1AC36,ICEBDAA8B
W1AC360,I7D178A1A
W1AC361,IDF067682
W1AC362,IA5448A89
W1AC364,I7D011308
W1AC368,I825B48E2
W1AC374,I25899EC7
W1AC380,I344EBDDD
W1AC381,IDC299CC9
W1AC384,IBF5FDD11
W1AC385,I03231011
W1AC387,I32BCDDB5
W1AC389,I4628B56D
W1AC39,I4946984A
W1AC40,ICC4AF1D9
W1AC400,I913C91C1
W1AC41,IC39491DD
W1AC413,IAAF448FC
W1AC414,I30139685
W1AC415,I9088FFEF
W1AC426,I6451A922
W1AC43,I78390F88
W1AC430,I4117FF48
W1AC435,IF66165F8
W1AC439,I2A2B4605
W1AC456,I4D4367A7
W1AC463,I2597947E
W1AC50,ID8BACBB1
W1AC52,I9C4E4B0E
W1AC54,I09BB2D50
W1AC55,I60CCBFB2
W1AC56,IDB9E2D2C
W1AC57,IB0AB89B3
W1AT884,I32BDB0DA
W1GS105195,I52822349
W1GS44056,I9C7BF5B9
W1GS54156,IAE944CB3
W1KG2118,I733D440A
W1KG11869,IE582B323
W1KG12222,I37DD35AD
W1KG12625,I0664F2A6
W1KG12969,ID45AAA12
W1KG12985,IAAF77408
W1KG12987,I41EB4DAB
W1KG13001,I5931311E
W1KG13012,I89DE925E
W1KG13014,I71BE2C7C
W1KG13017,IEDCF5AEC
W1KG13160,ID37ED506
W1KG13431,I1E5EE11F
W1KG13432,I3E5420BB
W1KG13685,I94F99F64
W1KG13759,IB80F7850
W1KG13769,IF3A6E4E0
W1KG13770,IEE6B3F9C
W1KG13776,I68DAAC4A
W1KG13779,IC230CF69
W1KG13780,I0BF3377F
W1KG13781,I66478B61
W1KG13785,IE1D4C92A
W1KG13790,IABA3D004
W1KG13792,I4589C155
W1KG13794,ID982133C
W1KG13810,IB1338872
W1KG13813,I2C49D2F6
W1KG13819,I38F9ECB2
W1KG13836,I82ECCE5C
W1KG13837,IDDE5C465
W1KG13839,IDB5CE63E
W1KG13981,IB56CD06D
W1KG14132,IF828742C
W1KG14136,I1FBEEB73
W1KG14491,I81FFA0A9
W1KG14505,I010D0D74
W1KG14517,I87E20E58
W1KG14523,I90B5D599
W1KG14555,I08F048D1
W1KG14557,IF378E009
W1KG14603,I14555DB1
W1KG14614,I82328741
W1KG14616,I94148111
W1KG14621,I0DFD4414
W1KG14623,IAF66A7E8
W1KG14627,I39993599
W1KG14646,I262347D2
W1KG14647,IEEEA6865
W1KG14652,I90A28D24
W1KG14655,IC7CA8394
W1KG14665,IAA104A0A
W1KG14673,IAA5CDFED
W1KG14674,IC436846F
W1KG14676,I4F1BE614
W1KG14733,I292B4241
W1KG14735,IFCF26F62
W1KG14736,I8AA85547
W1KG14738,IEB94CEEF
W1KG14749,IE7CEAEE0
W1KG14780,IB5C6548B
W1KG14784,IFF4FB170
W1KG14786,I9130BAB2
W1KG14796,I174D2705
W1KG15517,ICA71D6E1
W1KG15521,IADA6A4C4
W1KG15593,I22F72B64
W1KG15817,I6A55FC46
W1KG15822,I4310263C
W1KG15846,I40A09D11
W1KG15849,I05625907
W1KG15855,I3121C335
W1KG15922,I040E4D86
W1KG15937,IA17C63AA
W1KG15974,IFDB51DD2
W1KG15977,I2230C73E
W1KG15990,I599E59B0
W1KG15995,I0B5257EF
W1KG15996,IE9DCAC93
W1KG16133,I1F034444
W1KG16138,I4C1443BA
W1KG16139,I43FFAEEA
W1KG16147,IDDDDBFEB
W1KG16156,I15248FA5
W1KG16157,IA121A040
W1KG16203,IF0ACF99A
W1KG16208,I13513C1B
W1KG16213,I4F9DA61C
W1KG16214,IB8D48527
W1KG16455,I70F7713C
W1KG16458,IAA3A1337
W1KG16464,I742BB9FA
W1KG16556,ID3F16D64
W1KG16557,I02825215
W1KG16567,I43877E47
W1KG16581,I57A6C4D8
W1KG16588,IF9BEC153
W1KG16591,I03F8E834
W1KG16596,I609AA0E9
W1KG16609,IDC264FC7
W1KG16610,I66F5139F
W1KG16611,I6992BC9B
W1KG16613,I87809961
W1KG16651,IBBE88D74
W1KG16652,IEA52EE2E
W1KG16655,IAC23BB41
W1KG16666,I6EB405D9
W1KG16714,I52E05B64
W1KG16790,IDFF9DF65
W1KG16803,IFB324196
W1KG16805,I42C2C2F2
W1KG16928,I9B55C8E8
W1KG17024,I33DC36B8
W1KG17025,I4BB98768
W1KG17112,I7443A874
W1KG17114,IE4EC34A8
W1KG17193,IABAB1E9E
W1KG17199,I49FE970A
W1KG17210,I5D83F53D
W1KG17212,IF9084504
W1KG17214,I3080AA8A
W1KG17218,IC3869319
W1KG17281,I81FAF58F
W1KG17421,I68FDFFAF
W1KG17574,I450AE15F
W1KG17575,I744A0B0F
W1KG17576,IAF9DAF3B
W1KG17586,IAC266A7D
W1KG17587,IB5100F1B
W1KG17592,IE5B37048
W1KG17595,I44342803
W1KG17599,IFB1FDB3B
W1KG17601,I6B7FF393
W1KG17605,I67D0B33C
W1KG1796,I389BE054
W1KG18130,I5A71EBD0
W1KG18139,I05FA917F
W1KG18170,I1E54444A
W1KG18172,IBA51040F
W1KG18189,I65424576
W1KG18292,I461C3F8A
W1KG18530,I6CBBB6BA
W1KG18532,I4977B6F9
W1KG18533,I18E9355A
W1KG18535,IC66F2492
W1KG18537,I55A15D60
W1KG18563,I69DB27B9
W1KG18573,I318197AF
W1KG18574,I9482E52A
W1KG18579,IC466BDCD
W1KG18765,I4BF2263E
W1KG20639,I0B2BDB2A
W1KG20707,IFD2C3B98
W1KG20858,I64B92136
W1KG20879,IF4FD9BE0
W1KG20929,I858058D6
W1KG21018,I37ED8790
W1KG21224,I94608685
W1KG21230,I77B7C424
W1KG21231,I45D27832
W1KG21273,I2408055C
W1KG21275,I98F22FFF
W1KG21291,IF7978F1F
W1KG21595,IEBB9669B
W1KG21596,I647BBB42
W1KG21598,IB18C28B2
W1KG21600,I0C09E633
W1KG2170,IB2ADF222
W1KG21707,I984857AE
W1KG21753,ID8A89810
W1KG21754,ID02049E0
W1KG21757,I60AB305D
W1KG21760,I822BDD9D
W1KG21818,I9C5B1B35
W1KG21821,IE44443E6
W1KG21829,I3A8D82F8
W1KG21830,I2270B102
W1KG21837,ICEAD8A6B
W1KG21838,ID3FD8407
W1KG21841,I57AF5AFF
W1KG22001,I049D0809
W1KG22024,I3F44A655
W1KG22147,I956399FF
W1KG22186,ID3192924
W1KG22235,I8019ED16
W1KG22269,IABAAAE8A
W1KG22609,I361AD8AA
W1KG22943,I49409D46
W1KG22949,I7770ADBB
W1KG22951,IC69E2202
W1KG22988,I4691E4B5
W1KG23134,ICF758EE3
W1KG23421,I225C854E
W1KG23490,IDDF88EE5
W1KG23601,I46CC41E1
W1KG23647,I15696CCC
W1KG23650,I82B4028E
W1KG23666,IC4071E11
W1KG23667,I76C3743A
W1KG23669,IEBD11DBC
W1KG23671,IBD664FCB
W1KG23700,I04B5EC50
W1KG23711,I0AD024A4
W1KG23715,I15C5D2EA
W1KG23718,I1AA2FB51
W1KG23738,ID3701FFB
W1KG23739,I49E16488
W1KG23850,I82F4F857
W1KG23851,I59530EEE
W1KG24019,I646814AA
W1KG24021,I8D773D5B
W1KG24034,ICA0ABC50
W1KG24038,IE1173C36
W1KG24041,IDC2003D4
W1KG24057,IC84BDB31
W1KG24060,I2C99DB00
W1KG24061,I279042EE
W1KG24101,IBA4C7726
W1KG24104,I0595B408
W1KG24106,I2D358DB7
W1KG24218,I1A043AC9
W1KG24220,I0611E275
W1KG24221,IBF440FCF
W1KG24477,ID42ABA4B
W1KG24612,IC0282748
W1KG24618,I8858CF55
W1KG24644,I22CD49D1
W1KG24648,IED739136
W1KG24651,IB6E009A6
W1KG24723,I1D3B4B3B
W1KG24726,I413401CC
W1KG24814,I34F9994E
W1KG24847,IF39EEF1B
W1KG24974,I934CB1B9
W1KG25009,ID392E153
W1KG25027,I17695C92
W1KG25050,IEB099576
W1KG25056,IF21A2EA6
W1KG25065,I4F141EFE
W1KG25068,IA45DB4CB
W1KG25080,IBB6838FB
W1KG25086,ID04E8990
W1KG25092,I66B8A4B7
W1KG25101,I416B2616
W1KG25122,ID6BE737A
W1KG25144,I88F2E4F2
W1KG25150,I4454B4A5
W1KG25153,I58FA5E85
W1KG25162,IE746BECA
W1KG25168,I699B1D80
W1KG25171,I003F45BF
W1KG25174,ID6796720
W1KG25180,IA64AC869
W1KG25186,I5D4E8578
W1KG25192,I4138AD2D
W1KG25195,I31A18936
W1KG25210,I366AED77
W1KG25213,I1F25088B
W1KG25219,IC644D44A
W1KG25228,IBCB72BCB
W1KG25243,IA24B2885
W1KG25264,I00005045
W1KG25267,I46D36686
W1KG25300,IF43A3F9F
W1KG25307,I369D9449
W1KG25320,IC2C929AA
W1KG25343,I4034BAA0
W1KG25353,I41FABB1A
W1KG25377,I0DA246A0
W1KG25383,IEC0A7D44
W1KG25431,I8E7A9ECD
W1KG25578,ID794C7A4
W1KG25852,I959E8599
W1KG25891,I24824E14
W1KG26107,IEA7EC335
W1KG26110,IB44B4ED0
W1KG3397,I8656639A
W1KG4304,I1D1C7C11
W1KG4459,I468AF344
W1KG4600,IAA922D41
W1KG478,I4EDBA401
W1KG4884,IFFF3FCF6
W1KG5476,I675E451F
W1KG5705,I4FDA6E0D
W1KG5724,I18763009
W1KG6157,I6518D4D6
W1KG6159,I546965FB
W1KG6168,I58D93259
W1KG6248,I41DB11DC
W1KG6254,I14886A00
W1KG6256,IB4A77DE4
W1KG8285,IA4CF56CF
W1KG8299,I498537AC
W1KG8317,I4AACD4B2
W1KG8471,I51F051B3
W1KG8475,I1D1FBFA6
W1KG8584,IC79F9871
W1KG8897,IBA346A28
W1KG8900,ID78D3E0B
W1KG9031,I00142E06
W1KG9032,I1C8354F8
W1KG9037,I50E80914
W1KG9042,I8A3379D7
W1KG9771,IC0B6D783
W1KG9772,IA979E2F0
W1PD100944,I48DFFA46
W1PD105825,I6FBA6B5F
W1PD105840,I9CB911E9
W1PD105846,IC1BB5B11
W1PD105852,I9A88E313
W1PD105858,IC2E2D473
W1PD105861,IF000A04D
W1PD105875,I463F6868
W1PD105878,IB44BB4C8
W1PD105884,I54B8387D
W1PD107937,IEFA32E69
W1PD133151,IDDADA826
W1PD133161,IED8BF09F
W1PD133163,IDB78C0F0
W1PD133164,I99A21495
W1PD137783,IDF5CB72D
W1PD137786,I81883768
W1PD137798,I028DD04D
W1PD137800,IDC9F8418
W1PD137811,I5E1EC346
W1PD137813,I4B1B90AD
W1PD137838,IF9C2A9CC
W1PD137852,I3987B941
W1PD137853,I484F6F56
W1PD137863,IA08FE887
W1PD137879,I21072C7E
W1PD137882,IA0D4445D
W1PD137884,IE7408747
W1PD137887,I83587861
W1PD137888,I947B04E0
W1PD137889,I3220C6D0
W1PD152281,I7E82A5C1
W1PD152284,IC7110712
W1PD152286,I39C704E2
W1PD152291,IFD211FF5
W1PD152295,ID85D179B
W1PD159378,I909D6EDD
W1PD159411,IE911661E
W1PD159423,I4FA5BB6E
W1PD159439,IF36926D6
W1PD159445,I060DBECB
W1PD159451,IDBA1ACA1
W1PD166109,I462D3C56
W1PD181143,I11964F73
W1PD83977,I5D448BC8
W1PD90704,IFEEF41C4
W20026,I110A05F3
W20062,I827EF601
W20095,IB417BBB5
W20127,I25B0AE7B
W20129,I377E9183
W20131,IC96F2442
W20170,I8A4E3ADD
W20189,IB860032B
W20214,IB1DFD31A
W20221,I44347852
W20393,IDEFF9FE6
W20428,IBBABEBB7
W20442,I4EDAAA0B
W20464,I3B6916D2
W20828,I7E0EB03E
W20829,ICE724190
W20830,ICFC47C29
W20859,IB7A99E51
W20914,I9CD36450
W21586,I6403F7D9
W21595,IB95757C4
W21615,IAA44BA3F
W21663,I430023E3
W21690,I0B096E4F
W21707,I56B163BF
W21765,I80F3AB38
W21769,I5535F9F8
W21782,IC265E615
W21863,I762E93B7
W21864,I88149D1D
W21997,I5B9302FE
W22025,I1BB1BCDB
W22056,ICE86EAA3
W22061,I88145331
W22068,IDA8233E4
W22097,I610807B9
W22151,ID8B15B78
W22156,I4C75D560
W22298,I65CE983F
W23630,I008FACF0
W23635,I5577A267
W23663,I04185FF6
W23783,I11910030
W24575,I7CD7D2D9
W24589,I78406666
W24824,I129C947E
W27884,I9A62A288
W2831,IBEE6E5BD
W28799,I65395FBA
W28829,I105A951D
W28832,IAB5F84EB
W29013,IA1522E5C
W29016,ICCF9C5A3
W29032,I2E432648
W29152,I6CA64400
W29263,I0BC68000
W29517,IB3C6D351
W29564,I11DAE6EE
W2CZ8041,I4031F19B
W2DB13635,IA9294D8D
W2DB4592,IAA6A1B51
W2DB5974,IFDDF12DF
W2PD14777,IBF2693C2
W2PD17394,I7535394D
W2PD17395,IBB97C972
W2PD17397,I4634D33A
W2PD17467,I7BAAB10F
W2PD17646,I2E1D58B7
W2PD17649,ID9C7D245
W2PD19078,I6685101E
W2PD19093,I33EB0D96
W2PD19096,I41117AB0
W2PD19197,I646D4A5B
W2PD19200,I2A9D778B
W2PD19201,IFB7AF7B9
W2PD19374,I128D1216
W2PD19386,I8B80094B
W2PD19431,I162BE560
W2PD19446,I6A94FA4A
W2PD19458,I44C2A3CB
W2PD19887,IDE4A04DC
W2PD19889,I1B13DA6F
W2PD19981,I472818BD
W2PD19983,I7B0072B7
W2PD19997,IFAE16D6A
W2PD20562,I7D485D9D
W2PD20797,I9D4B6344
W30037,I47708AAB
W30408,ICEEAC4C5
W30416,I40B6F4AA
W30429,IFC5B6AB9
W30434,IEE20BBB2
W30474,I6E3EE0E2
W30480,I09C7B347
W30518,I40B0917B
W30519,IACDDA818
W322,I2A54882B
W3CN2232,IDDB781DE
W3CN3026,I78ACB8B3
W3CN3029,I9C677514
W3CN3033,I731C413E
W3CN3118,I4D87D74C
W3CN3328,I44484488
W3CN3344,I4BB87FB8
W3CN3372,IC47C6846
W3CN3374,IA200DA2D
W3CN3375,IFF86044B
W3CN3381,I4A5C41A6
W3CN3384,I4BBC57B2
W3CN3391,IA41CDABB
W3CN3397,I143ACA0F
W3CN3408,I1C1BBFCB
W3CN3417,I5C5C6EC8
W3CN3425,I8E7974FD
W3CN3430,I02A4E471
W3CN3431,I52CB1727
W3CN3435,I2344E3ED
W3CN3438,I42FBADC2
W3CN4037,IDD00A4F0
W3CN4038,IEC8C0035
W3CN4042,IFD4DDFB2
W3CN4050,ID1B20A1C
W3CN4055,IE50AC9DF
W3CN4273,IE91456FF
W3CN4274,IBFBBA504
W3CN4275,I8C220440
W3CN4278,IDF8E618C
W3CN4280,IE010A692
W3CN4307,I44BAF48F
W3CN4311,I7EB88E29
W3CN4314,I2281F445
W3CN4336,I1EFC113B
W3CN4337,IFF9F96EF
W3CN4339,I6E2F5E12
W3CN4341,I5E5E9B06
W3CN4343,IBA9A65C0
W3CN4346,I4044DFD1
W3CN4347,IF90D6F2D
W3CN4621,ICDA1FAB1
W3CN4636,IEE794EAC
W3CN4645,IBECEAC90
W3CN4648,I6A29D256
W3CN4660,IDB282A46
W3CN4687,I9655F3A0
W3CN4690,IFAC9F61B
W3CN4693,IF5735535
W3CN4702,IE0E1B29F
W3CN4705,I89879739
W3CN4709,IA7688A47
W3CN4716,IF2A779EF
W3CN4726,I22E22B32
W3CN4729,IF9239AC3
W3CN4735,IA82A2313
W3CN4738,I244EE8C3
W3CN4744,I7AD75AB0
W3CN4771,IE2999392
W3CN4774,I8CA9F909
W3CN4777,I8A39A341
W3CN4780,I8B8FB4B8
W3CN4789,IF2310D0E
W3CN4798,I4BDA440C
W3CN4801,I444F511A
W3CN4807,IAADBBBDB
W3CN4816,IE10027DC
W3CN4844,ICC471F4C
W3CN4866,IC4D13C1C
W3CN4869,I4F780D48
W3CN4872,IA15FC33C
W3CN4894,I28A60016
W3CN4909,IEAFDDA9F
W3CN4918,I258FAEAA
W3CN4936,I44863423
W3CN4945,I43083189
W3CN4951,I4A74DA5B
W3CN4957,ID0164221
W3CN4963,IBC4CB9AD
W3CN4970,I0CFE31CB
W3CN4982,IBD2332C9
W3CN50,I5D3FD391
W3CN5033,IF7CCF4BF
W3CN5051,IC710CFDF
W3CN5054,IAA6A3262
W3CN5057,IB5D37413
W3CN5060,I4F990686
W3CN5063,ICA328E82
W3CN5072,I60045889
W3CN5078,I871DF7AB
W3CN5081,I5EEEDA6E
W3CN5096,I4688E896
W3CN5102,IB0400B81
W3CN5111,I5E5A227D
W3CN5117,I9C6BE44F
W3CN5135,IA0DA0C75
W3CN5138,ID821AAF7
W3CN5141,IB54D15BB
W3CN5144,IB40EFE0E
W3CN5171,I41B115BF
W3CN5174,ID6DDC566
W3CN5177,IA0093088
W3CN5180,ID8153106
W3CN5186,I0E33DE44
W3CN5198,ID33C96E4
W3CN5210,I7482E758
W3CN5219,I91A47F9F
W3CN524,I1DB12C1C
W3CN5243,IC5C49184
W3CN525,IEFA49242
W3CN5258,I6F336863
W3CN5270,ID4C00C0E
W3CN5285,I7B3ADCD2
W3CN5291,IC579ED71
W3CN5297,I042DD7E2
W3CN530,I24C73590
W3CN5300,IEF4DE8D7
W3CN5312,I8FAC94F7
W3CN532,I11F5B932
W3CN5330,I2599090C
W3CN5333,IBD13E580
W3CN5345,I5C0EE4ED
W3CN5387,IFDC88B61
W3CN5402,I0949D44F
W3CN5405,I101100BF
W3CN5411,I0F0BFCC3
W3CN5414,I06609B31
W3CN5417,IB4DE4DC4
W3CN542,I6563F52F
W3CN5423,I0380E988
W3CN5429,I0F8E741F
W3CN5438,I462A5AF2
W3CN5441,IA424755A
W3CN545,I4E222883
W3CN5456,I8012129A
W3CN5459,I9B510528
W3CN547,ID74AFCDF
W3CN5481,IDBB89854
W3CN5519,I0D1F6110
W3CN5561,IABC23193
W3CN5568,IB7BC89E9
W3CN5571,ICFFE42D2
W3CN558,I1D81AE26
W3CN5823,I57B775F7
W3CN6332,I600C7880
W3CN6348,IF972CABC
W3CN6400,IFC4175C6
W3CN6403,IBF48846A
W3CN6458,I5665E9FA
W3CN6495,ICCEE1E51
W3CN6594,I9CC2E969
W3CN6654,ID25D622C
W3CN6685,I3734D9CA
W3CN6894,IE67F4C4D
W3CN7042,I9BEAED9E
W3CN7054,I7FF2A55A
W3CN7099,I281C46F7
W3CN7493,I54E69430
W3CN7543,IB67ABB4B
W3CN7561,I7C7CC446
W3CN7662,I1FB1E1A4
W3CN7829,IBE858C4D
W3CN7842,I84B4B611
W3CN7845,I84890981
W3CN7871,ID7D67446
W3CN7877,IFEC90EFB
W3CN7886,IEDFED185
W3CN7889,I7EDF074A
W3CN7892,ID91BCC3C
W3CN7910,IA2E4F03B
W3CN7913,I1245C5F3
W3CN7920,I37A1214F
W3CN7991,I9AD4648F
W3CN7997,IB21F8CD2
W3CN8015,I0CFF4CA4
W3CN8018,IB66D1BB9
W3CN8036,I9A5A657A
W3CN8043,I59C5CDB5
W3CN8046,ID2152A41
W3CN8057,I666A2AD7
W3CN8060,I619646D7
W3CN8173,IC9F2029D
W3CN8185,I4F64D463
W3CN8194,I5873A4DF
W3CN8369,ID1E0D47C
W3CN8387,I13A89F6E
W3MS838,I33A5348C
W3PD1002,IC2BFA6FE
W3PD1100,IB6A9B78C
W3PD188,I9244B62A
W3PD234,I53F5B8B5
W3PD246,I2C88F1CB
W3PD355,I0753707E
W3PD358,I91DB7493
W3PD362,I09FA9E2E
W3PD363,I0C7046B0
W3PD386,IA349BCC4
W3PD394,IE0902F69
W3PD397,I2668D101
W3PD398,I10F74A1D
W3PD403,I8FCAD829
W3PD405,IF0E29004
W3PD406,I8F40DD5E
W3PD408,I2544ED42
W3PD415,I0C772155
W3PD430,I700A35C7
W4CZ1042,I46409446
W4CZ294443,I5AFBE037
W4CZ294450,ID6DB1984
W4CZ294459,I4BF40D4A
W4CZ30835,ID44D6D5D
W4CZ34105,IBE9E0CE3
W4CZ34261,I6E41D171
W4CZ57645,I5711AEF5
W4CZ62374,I644942C4
W4PD2014,I6446F150
W4PD2021,IAAA71CEE
W4PD2074,IEC99FDF3
W4PD2079,IA52587D4
W4PD2081,I382CD289
W4PD502,I31F08544
W4PD759,I38784094
W525,I09209848
W8LS17297,I1283733E
W8LS17499,I5F48AFE2
W8LS17742,I89796C33
W8LS17977,I3E084E79
W8LS18072,IAEE5ABAA
W8LS18091,I90828F41
W8LS18094,IDF4C94DF
W8LS18110,IE7DBC6E6
W8LS18262,I90B36A21
W8LS18445,I706B9EB7
W8LS18460,IA40DB81C
W8LS18472,I5F5552CF
W8LS18739,I4B31E076
W8LS18964,I349E7EC4
W8LS18982,ID629A04E
W8LS19177,I3C33C873
W8LS19189,I412934D9
W8LS19192,ICAE96555
W8LS19198,IAE4883DF
W8LS19204,I56A6F858
W8LS19210,I14453C1F
W8LS20239,I74E9644D
W8LS20245,I110E2E0D
W8LS20254,ICB123429
W8LS20504,I28022227
W8LS20558,IAA39A346
W8LS20643,IF89E8CFF
W8LS20658,I30A3E273
W8LS20664,I2E1FBA82
W8LS20677,I5ED66044
W8LS20730,ICE683C06
W8LS20744,IFB44F448
W8LS20767,I84961F18
W8LS20768,IE890C5B7
W8LS20836,ICC074374
